indice_tiempo,region_de_destino,origen_viajeros,viajeros,observaciones
2007-01-01,Buenos Aires,Residentes,401221,""
2007-01-01,Buenos Aires,No residentes,12889,""
2007-01-01,CABA,Residentes,139181,""
2011-09-01,Cuyo,No residentes,29482,""
2011-09-01,Litoral,Residentes,249866,""
2011-09-01,Litoral,No residentes,22255,""
2011-09-01,Norte,Residentes,179831,""
2011-09-01,Norte,No residentes,18819,""
2011-09-01,Patagonia,Residentes,180006,""
2011-09-01,Patagonia,No residentes,46655,""
2011-10-01,Buenos Aires,Residentes,178061,""
2011-10-01,Buenos Aires,No residentes,2414,""
2011-10-01,CABA,Residentes,217550,""
2011-10-01,CABA,No residentes,231624,""
2011-10-01,Córdoba,Residentes,168928,""
2011-10-01,Córdoba,No residentes,8948,""
2011-10-01,Cuyo,Residentes,157383,""
2011-10-01,Cuyo,No residentes,34692,""
2011-10-01,Litoral,Residentes,246861,""
2011-10-01,Litoral,No residentes,29360,""
2011-10-01,Norte,Residentes,158718,""
2011-10-01,Norte,No residentes,28022,""
2011-10-01,Patagonia,Residentes,178559,""
2011-10-01,Patagonia,No residentes,68296,""
2011-11-01,Buenos Aires,Residentes,208174,""
2011-11-01,Buenos Aires,No residentes,3178,""
2011-11-01,CABA,Residentes,226896,""
2011-11-01,CABA,No residentes,255507,""
2011-11-01,Córdoba,Residentes,172454,""
2011-11-01,Córdoba,No residentes,8145,""
2011-11-01,Cuyo,Residentes,144662,""
2011-11-01,Cuyo,No residentes,31111,""
2011-11-01,Litoral,Residentes,237854,""
2011-11-01,Litoral,No residentes,35624,""
2011-11-01,Norte,Residentes,133642,""
2011-11-01,Norte,No residentes,38391,""
2011-11-01,Patagonia,Residentes,160309,""
2011-11-01,Patagonia,No residentes,103656,""
2011-12-01,Buenos Aires,Residentes,232966,""
2011-12-01,Buenos Aires,No residentes,4037,""
2011-12-01,CABA,Residentes,181139,""
2011-12-01,CABA,No residentes,226053,""
2011-12-01,Córdoba,Residentes,172612,""
2011-12-01,Córdoba,No residentes,6173,""
2011-12-01,Cuyo,Residentes,114952,""
2011-12-01,Cuyo,No residentes,25673,""
2011-12-01,Litoral,Residentes,215733,""
2011-12-01,Litoral,No residentes,33784,""
2011-12-01,Norte,Residentes,103756,""
2011-12-01,Norte,No residentes,22524,""
2011-12-01,Patagonia,Residentes,160829,""
2011-12-01,Patagonia,No residentes,108434,""
2012-01-01,Buenos Aires,Residentes,380131,""
2012-01-01,Buenos Aires,No residentes,5545,""
2012-01-01,CABA,Residentes,149250,""
2012-01-01,CABA,No residentes,222545,""
2012-01-01,Córdoba,Residentes,276017,""
2012-01-01,Córdoba,No residentes,8551,""
2012-01-01,Cuyo,Residentes,139357,""
2012-01-01,Cuyo,No residentes,32445,""
2012-01-01,Litoral,Residentes,260507,""
2012-01-01,Litoral,No residentes,43145,""
2012-01-01,Norte,Residentes,172032,""
2012-01-01,Norte,No residentes,23401,""
2012-01-01,Patagonia,Residentes,264074,""
2012-01-01,Patagonia,No residentes,135344,""
2012-02-01,Buenos Aires,Residentes,345106,""
2012-02-01,Buenos Aires,No residentes,4655,""
2012-02-01,CABA,Residentes,144104,""
2012-02-01,CABA,No residentes,201413,""
2012-02-01,Córdoba,Residentes,235791,""
2012-02-01,Córdoba,No residentes,8102,""
2012-02-01,Cuyo,Residentes,140889,""
2012-02-01,Cuyo,No residentes,36028,""
2012-02-01,Litoral,Residentes,257685,""
2012-02-01,Litoral,No residentes,42397,""
2012-02-01,Norte,Residentes,145459,""
2012-02-01,Norte,No residentes,22769,""
2012-02-01,Patagonia,Residentes,208269,""
2012-02-01,Patagonia,No residentes,130088,""
2012-03-01,Buenos Aires,Residentes,233286,""
2012-03-01,Buenos Aires,No residentes,6559,""
2012-03-01,CABA,Residentes,195982,""
2012-03-01,CABA,No residentes,238843,""
2012-03-01,Córdoba,Residentes,177519,""
2012-03-01,Córdoba,No residentes,7385,""
2012-03-01,Cuyo,Residentes,132675,""
2012-03-01,Cuyo,No residentes,28862,""
2012-03-01,Litoral,Residentes,232118,""
2012-03-01,Litoral,No residentes,34142,""
2012-03-01,Norte,Residentes,125284,""
2012-03-01,Norte,No residentes,22641,""
2012-03-01,Patagonia,Residentes,165428,""
2012-03-01,Patagonia,No residentes,80140,""
2012-04-01,Buenos Aires,Residentes,196948,""
2012-04-01,Buenos Aires,No residentes,3416,""
2012-04-01,CABA,Residentes,180149,""
2012-04-01,CABA,No residentes,224055,""
2012-04-01,Córdoba,Residentes,177946,""
2012-04-01,Córdoba,No residentes,7810,""
2012-04-01,Cuyo,Residentes,147109,""
2012-04-01,Cuyo,No residentes,27643,""
2012-04-01,Litoral,Residentes,240038,""
2012-04-01,Litoral,No residentes,28313,""
2012-04-01,Norte,Residentes,164148,""
2012-04-01,Norte,No residentes,18041,""
2012-04-01,Patagonia,Residentes,158687,""
2012-04-01,Patagonia,No residentes,40509,""
2012-05-01,Buenos Aires,Residentes,126675,""
2012-05-01,Buenos Aires,No residentes,2781,""
2012-05-01,CABA,Residentes,177381,""
2012-05-01,CABA,No residentes,184411,""
2012-05-01,Córdoba,Residentes,148032,""
2012-05-01,Córdoba,No residentes,6780,""
2012-05-01,Cuyo,Residentes,118532,""
2012-05-01,Cuyo,No residentes,20552,""
2012-05-01,Litoral,Residentes,217276,""
2012-05-01,Litoral,No residentes,24430,""
2012-05-01,Norte,Residentes,131283,""
2012-05-01,Norte,No residentes,12537,""
2012-05-01,Patagonia,Residentes,125069,""
2012-05-01,Patagonia,No residentes,16206,""
2012-06-01,Buenos Aires,Residentes,99885,""
2012-06-01,Buenos Aires,No residentes,1888,""
2012-06-01,CABA,Residentes,172728,""
2012-06-01,CABA,No residentes,184197,""
2012-06-01,Córdoba,Residentes,86553,""
2012-06-01,Córdoba,No residentes,5364,""
2012-06-01,Cuyo,Residentes,110321,""
2012-06-01,Cuyo,No residentes,17605,""
2012-06-01,Litoral,Residentes,206077,""
2012-06-01,Litoral,No residentes,22580,""
2012-06-01,Norte,Residentes,128452,""
2012-06-01,Norte,No residentes,9087,""
2012-06-01,Patagonia,Residentes,124395,""
2012-06-01,Patagonia,No residentes,21910,""
2012-07-01,Buenos Aires,Residentes,149740,""
2012-07-01,Buenos Aires,No residentes,2538,""
2012-07-01,CABA,Residentes,214898,""
2012-07-01,CABA,No residentes,205467,""
2012-07-01,Córdoba,Residentes,173349,""
2012-07-01,Córdoba,No residentes,6999,""
2012-07-01,Cuyo,Residentes,181874,""
2012-07-01,Cuyo,No residentes,25666,""
2012-07-01,Litoral,Residentes,268618,""
2012-07-01,Litoral,No residentes,24930,""
2012-07-01,Norte,Residentes,266194,""
2012-07-01,Norte,No residentes,14745,""
2012-07-01,Patagonia,Residentes,221564,""
2012-07-01,Patagonia,No residentes,53475,""
2012-08-01,Buenos Aires,Residentes,134500,""
2012-08-01,Buenos Aires,No residentes,2078,""
2012-08-01,CABA,Residentes,187566,""
2012-08-01,CABA,No residentes,188462,""
2012-08-01,Córdoba,Residentes,146275,""
2012-08-01,Córdoba,No residentes,6099,""
2012-08-01,Cuyo,Residentes,146674,""
2012-08-01,Cuyo,No residentes,21880,""
2012-08-01,Litoral,Residentes,237265,""
2012-08-01,Litoral,No residentes,24390,""
2012-08-01,Norte,Residentes,172630,""
2012-08-01,Norte,No residentes,16910,""
2012-08-01,Patagonia,Residentes,196776,""
2012-08-01,Patagonia,No residentes,40546,""
2012-09-01,Buenos Aires,Residentes,162163,""
2012-09-01,Buenos Aires,No residentes,1832,""
2012-09-01,CABA,Residentes,194353,""
2012-09-01,CABA,No residentes,191560,""
2012-09-01,Córdoba,Residentes,156575,""
2012-09-01,Córdoba,No residentes,7218,""
2012-09-01,Cuyo,Residentes,140318,""
2012-09-01,Cuyo,No residentes,28929,""
2012-09-01,Litoral,Residentes,236246,""
2012-09-01,Litoral,No residentes,29626,""
2012-09-01,Norte,Residentes,179866,""
2012-09-01,Norte,No residentes,13645,""
2012-09-01,Patagonia,Residentes,215004,""
2012-09-01,Patagonia,No residentes,37718,""
2012-10-01,Buenos Aires,Residentes,168630,""
2012-10-01,Buenos Aires,No residentes,3828,""
2012-10-01,CABA,Residentes,203179,""
2012-10-01,CABA,No residentes,206011,""
2012-10-01,Córdoba,Residentes,167664,""
2012-10-01,Córdoba,No residentes,6343,""
2012-10-01,Cuyo,Residentes,153221,""
2012-10-01,Cuyo,No residentes,28919,""
2012-10-01,Litoral,Residentes,248074,""
2012-10-01,Litoral,No residentes,32571,""
2012-10-01,Norte,Residentes,174267,""
2012-10-01,Norte,No residentes,22028,""
2012-10-01,Patagonia,Residentes,205898,""
2012-10-01,Patagonia,No residentes,44705,""
2012-11-01,Buenos Aires,Residentes,212261,""
2012-11-01,Buenos Aires,No residentes,4480,""
2012-11-01,CABA,Residentes,213617,""
2012-11-01,CABA,No residentes,231185,""
2012-11-01,Córdoba,Residentes,165657,""
2012-11-01,Córdoba,No residentes,6626,""
2012-11-01,Cuyo,Residentes,138770,""
2012-11-01,Cuyo,No residentes,33327,""
2012-11-01,Litoral,Residentes,236439,""
2012-11-01,Litoral,No residentes,35607,""
2012-11-01,Norte,Residentes,139663,""
2012-11-01,Norte,No residentes,25441,""
2012-11-01,Patagonia,Residentes,191254,""
2012-11-01,Patagonia,No residentes,84819,""
2012-12-01,Buenos Aires,Residentes,212739,""
2012-12-01,Buenos Aires,No residentes,4173,""
2012-12-01,CABA,Residentes,174983,""
2012-12-01,CABA,No residentes,203899,""
2012-12-01,Córdoba,Residentes,157285,""
2012-12-01,Córdoba,No residentes,6307,""
2012-12-01,Cuyo,Residentes,115979,""
2012-12-01,Cuyo,No residentes,27745,""
2012-12-01,Litoral,Residentes,208348,""
2012-12-01,Litoral,No residentes,26484,""
2012-12-01,Norte,Residentes,97342,""
2012-12-01,Norte,No residentes,17507,""
2012-12-01,Patagonia,Residentes,197245,""
2012-12-01,Patagonia,No residentes,98786,""
2013-01-01,Buenos Aires,Residentes,347836,""
2013-01-01,Buenos Aires,No residentes,3950,""
2013-01-01,CABA,Residentes,143387,""
2013-01-01,CABA,No residentes,183068,""
2013-01-01,Córdoba,Residentes,241075,""
2013-01-01,Córdoba,No residentes,7991,""
2013-01-01,Cuyo,Residentes,154927,""
2013-01-01,Cuyo,No residentes,37875,""
2013-01-01,Litoral,Residentes,234630,""
2013-01-01,Litoral,No residentes,32896,""
2013-01-01,Norte,Residentes,176764,""
2013-01-01,Norte,No residentes,24218,""
2013-01-01,Patagonia,Residentes,302771,""
2013-01-01,Patagonia,No residentes,121093,""
2013-02-01,Buenos Aires,Residentes,290999,""
2013-02-01,Buenos Aires,No residentes,2768,""
2013-02-01,CABA,Residentes,148372,""
2013-02-01,CABA,No residentes,177380,""
2013-02-01,Córdoba,Residentes,213019,""
2013-02-01,Córdoba,No residentes,7128,""
2013-02-01,Cuyo,Residentes,137924,""
2013-02-01,Cuyo,No residentes,29760,""
2013-02-01,Litoral,Residentes,217509,""
2013-02-01,Litoral,No residentes,29626,""
2013-02-01,Norte,Residentes,146122,""
2013-02-01,Norte,No residentes,19250,""
2013-02-01,Patagonia,Residentes,236683,""
2013-02-01,Patagonia,No residentes,110746,""
2013-03-01,Buenos Aires,Residentes,214401,""
2013-03-01,Buenos Aires,No residentes,1891,""
2013-03-01,CABA,Residentes,189090,""
2013-03-01,CABA,No residentes,205966,""
2013-03-01,Córdoba,Residentes,174630,""
2013-03-01,Córdoba,No residentes,5962,""
2013-03-01,Cuyo,Residentes,156018,""
2013-03-01,Cuyo,No residentes,31659,""
2013-03-01,Litoral,Residentes,214290,""
2013-03-01,Litoral,No residentes,32599,""
2013-03-01,Norte,Residentes,168140,""
2013-03-01,Norte,No residentes,25271,""
2013-03-01,Patagonia,Residentes,205715,""
2013-03-01,Patagonia,No residentes,69000,""
2013-04-01,Buenos Aires,Residentes,119770,""
2013-04-01,Buenos Aires,No residentes,1602,""
2013-04-01,CABA,Residentes,184284,""
2013-04-01,CABA,No residentes,177862,""
2013-04-01,Córdoba,Residentes,131991,""
2013-04-01,Córdoba,No residentes,5465,""
2013-04-01,Cuyo,Residentes,138393,""
2013-04-01,Cuyo,No residentes,26995,""
2013-04-01,Litoral,Residentes,187091,""
2013-04-01,Litoral,No residentes,26080,""
2013-04-01,Norte,Residentes,144602,""
2013-04-01,Norte,No residentes,18366,""
2013-04-01,Patagonia,Residentes,147789,""
2013-04-01,Patagonia,No residentes,31294,""
2013-05-01,Buenos Aires,Residentes,85718,""
2013-05-01,Buenos Aires,No residentes,1276,""
2013-05-01,CABA,Residentes,204292,""
2013-05-01,CABA,No residentes,179338,""
2013-05-01,Córdoba,Residentes,114350,""
2013-05-01,Córdoba,No residentes,5650,""
2013-05-01,Cuyo,Residentes,117786,""
2013-05-01,Cuyo,No residentes,23411,""
2013-05-01,Litoral,Residentes,212881,""
2013-05-01,Litoral,No residentes,26643,""
2013-05-01,Norte,Residentes,144783,""
2013-05-01,Norte,No residentes,16695,""
2013-05-01,Patagonia,Residentes,118780,""
2013-05-01,Patagonia,No residentes,19036,""
2013-06-01,Buenos Aires,Residentes,94982,""
2013-06-01,Buenos Aires,No residentes,1332,""
2013-06-01,CABA,Residentes,197714,""
2013-06-01,CABA,No residentes,174496,""
2013-06-01,Córdoba,Residentes,115737,""
2013-06-01,Córdoba,No residentes,4210,""
2013-06-01,Cuyo,Residentes,128258,""
2013-06-01,Cuyo,No residentes,17454,""
2013-06-01,Litoral,Residentes,215558,""
2013-06-01,Litoral,No residentes,24947,""
2013-06-01,Norte,Residentes,150999,""
2013-06-01,Norte,No residentes,9471,""
2013-06-01,Patagonia,Residentes,134997,""
2013-06-01,Patagonia,No residentes,26948,""
2013-07-01,Buenos Aires,Residentes,120887,""
2013-07-01,Buenos Aires,No residentes,1612,""
2013-07-01,CABA,Residentes,233169,""
2013-07-01,CABA,No residentes,196828,""
2013-07-01,Córdoba,Residentes,169314,""
2013-07-01,Córdoba,No residentes,8269,""
2013-07-01,Cuyo,Residentes,188299,""
2013-07-01,Cuyo,No residentes,25809,""
2013-07-01,Litoral,Residentes,247685,""
2013-07-01,Litoral,No residentes,26493,""
2013-07-01,Norte,Residentes,280230,""
2013-07-01,Norte,No residentes,14504,""
2013-07-01,Patagonia,Residentes,227191,""
2013-07-01,Patagonia,No residentes,59174,""
2013-08-01,Buenos Aires,Residentes,104766,""
2013-08-01,Buenos Aires,No residentes,994,""
2013-08-01,CABA,Residentes,204490,""
2013-08-01,CABA,No residentes,175875,""
2013-08-01,Córdoba,Residentes,124752,""
2013-08-01,Córdoba,No residentes,6249,""
2013-08-01,Cuyo,Residentes,147628,""
2013-08-01,Cuyo,No residentes,23867,""
2013-08-01,Litoral,Residentes,229251,""
2013-08-01,Litoral,No residentes,24381,""
2013-08-01,Norte,Residentes,190540,""
2013-08-01,Norte,No residentes,16297,""
2013-08-01,Patagonia,Residentes,200495,""
2013-08-01,Patagonia,No residentes,50316,""
2013-09-01,Buenos Aires,Residentes,114150,""
2013-09-01,Buenos Aires,No residentes,1668,""
2013-09-01,CABA,Residentes,214587,""
2013-09-01,CABA,No residentes,192975,""
2013-09-01,Córdoba,Residentes,134272,""
2013-09-01,Córdoba,No residentes,5821,""
2013-09-01,Cuyo,Residentes,153117,""
2013-09-01,Cuyo,No residentes,26015,""
2013-09-01,Litoral,Residentes,232439,""
2013-09-01,Litoral,No residentes,24493,""
2013-09-01,Norte,Residentes,183045,""
2013-09-01,Norte,No residentes,16242,""
2013-09-01,Patagonia,Residentes,212393,""
2013-09-01,Patagonia,No residentes,53105,""
2013-10-01,Buenos Aires,Residentes,148335,""
2013-10-01,Buenos Aires,No residentes,1709,""
2013-10-01,CABA,Residentes,225547,""
2013-10-01,CABA,No residentes,209870,""
2013-10-01,Córdoba,Residentes,146745,""
2013-10-01,Córdoba,No residentes,6280,""
2013-10-01,Cuyo,Residentes,154129,""
2013-10-01,Cuyo,No residentes,30463,""
2013-10-01,Litoral,Residentes,226286,""
2013-10-01,Litoral,No residentes,30388,""
2013-10-01,Norte,Residentes,180990,""
2013-10-01,Norte,No residentes,18648,""
2013-10-01,Patagonia,Residentes,199261,""
2013-10-01,Patagonia,No residentes,56387,""
2013-11-01,Buenos Aires,Residentes,194255,""
2013-11-01,Buenos Aires,No residentes,2545,""
2013-11-01,CABA,Residentes,232987,""
2013-11-01,CABA,No residentes,227752,""
2013-11-01,Córdoba,Residentes,150044,""
2013-11-01,Córdoba,No residentes,5829,""
2013-11-01,Cuyo,Residentes,138997,""
2013-11-01,Cuyo,No residentes,30045,""
2013-11-01,Litoral,Residentes,217204,""
2013-11-01,Litoral,No residentes,31576,""
2013-11-01,Norte,Residentes,153639,""
2013-11-01,Norte,No residentes,25738,""
2013-11-01,Patagonia,Residentes,207215,""
2013-11-01,Patagonia,No residentes,94744,""
2013-12-01,Buenos Aires,Residentes,181883,""
2013-12-01,Buenos Aires,No residentes,2718,""
2013-12-01,CABA,Residentes,197012,""
2013-12-01,CABA,No residentes,208248,""
2013-12-01,Córdoba,Residentes,142163,""
2013-12-01,Córdoba,No residentes,5901,""
2013-12-01,Cuyo,Residentes,108933,""
2013-12-01,Cuyo,No residentes,24067,""
2013-12-01,Litoral,Residentes,175497,""
2013-12-01,Litoral,No residentes,30444,""
2013-12-01,Norte,Residentes,110111,""
2013-12-01,Norte,No residentes,19365,""
2013-12-01,Patagonia,Residentes,184363,""
2013-12-01,Patagonia,No residentes,96626,""
2014-01-01,Buenos Aires,Residentes,363809,""
2014-01-01,Buenos Aires,No residentes,4519,""
2014-01-01,CABA,Residentes,163901,""
2014-01-01,CABA,No residentes,190986,""
2014-01-01,Córdoba,Residentes,250017,""
2014-01-01,Córdoba,No residentes,5536,""
2014-01-01,Cuyo,Residentes,149745,""
2014-01-01,Cuyo,No residentes,30911,""
2014-01-01,Litoral,Residentes,225874,""
2014-01-01,Litoral,No residentes,39724,""
2014-01-01,Norte,Residentes,171814,""
2014-01-01,Norte,No residentes,29069,""
2014-01-01,Patagonia,Residentes,327506,""
2014-01-01,Patagonia,No residentes,130678,""
2014-02-01,Buenos Aires,Residentes,293373,""
2014-02-01,Buenos Aires,No residentes,2939,""
2014-02-01,CABA,Residentes,169206,""
2014-02-01,CABA,No residentes,179981,""
2014-02-01,Córdoba,Residentes,199213,""
2014-02-01,Córdoba,No residentes,5210,""
2014-02-01,Cuyo,Residentes,145361,""
2014-02-01,Cuyo,No residentes,34051,""
2014-02-01,Litoral,Residentes,226155,""
2014-02-01,Litoral,No residentes,34552,""
2014-02-01,Norte,Residentes,146063,""
2014-02-01,Norte,No residentes,22407,""
2014-02-01,Patagonia,Residentes,262127,""
2014-02-01,Patagonia,No residentes,115633,""
2014-03-01,Buenos Aires,Residentes,205384,""
2014-03-01,Buenos Aires,No residentes,1932,""
2014-03-01,CABA,Residentes,199507,""
2014-03-01,CABA,No residentes,218274,""
2014-03-01,Córdoba,Residentes,154110,""
2014-03-01,Córdoba,No residentes,6128,""
2014-03-01,Cuyo,Residentes,139100,""
2014-03-01,Cuyo,No residentes,30936,""
2014-03-01,Litoral,Residentes,233671,""
2014-03-01,Litoral,No residentes,32752,""
2014-03-01,Norte,Residentes,146460,""
2014-03-01,Norte,No residentes,27235,""
2014-03-01,Patagonia,Residentes,205318,""
2014-03-01,Patagonia,No residentes,77967,""
2014-04-01,Buenos Aires,Residentes,124254,""
2014-04-01,Buenos Aires,No residentes,1814,""
2014-04-01,CABA,Residentes,190460,""
2014-04-01,CABA,No residentes,202305,""
2014-04-01,Córdoba,Residentes,132166,""
2014-04-01,Córdoba,No residentes,6250,""
2014-04-01,Cuyo,Residentes,121421,""
2014-04-01,Cuyo,No residentes,26254,""
2014-04-01,Litoral,Residentes,195598,""
2014-04-01,Litoral,No residentes,33800,""
2014-04-01,Norte,Residentes,159966,""
2014-04-01,Norte,No residentes,27034,""
2014-04-01,Patagonia,Residentes,163753,""
2014-04-01,Patagonia,No residentes,45171,""
2014-05-01,Buenos Aires,Residentes,99448,""
2014-05-01,Buenos Aires,No residentes,1529,""
2014-05-01,CABA,Residentes,208207,""
2014-05-01,CABA,No residentes,192164,""
2014-05-01,Córdoba,Residentes,121292,""
2014-05-01,Córdoba,No residentes,6229,""
2014-05-01,Cuyo,Residentes,118341,""
2014-05-01,Cuyo,No residentes,19849,""
2014-05-01,Litoral,Residentes,200776,""
2014-05-01,Litoral,No residentes,24342,""
2014-05-01,Norte,Residentes,163428,""
2014-05-01,Norte,No residentes,19517,""
2019-09-01,Norte,No residentes,20344,""
2019-09-01,Patagonia,Residentes,264538,""
2019-09-01,Patagonia,No residentes,69008,""
2019-10-01,Buenos Aires,Residentes,138019,""
2019-10-01,Buenos Aires,No residentes,1904,""
2019-10-01,CABA,Residentes,217467,""
2019-10-01,CABA,No residentes,216623,""
2019-10-01,Córdoba,Residentes,203386,""
2019-10-01,Córdoba,No residentes,7483,""
2019-10-01,Cuyo,Residentes,153194,""
2019-10-01,Cuyo,No residentes,38780,""
2019-10-01,Litoral,Residentes,205926,""
2019-10-01,Litoral,No residentes,37786,""
2019-10-01,Norte,Residentes,189912,""
2019-10-01,Norte,No residentes,26464,""
2019-10-01,Patagonia,Residentes,248921,""
2019-10-01,Patagonia,No residentes,89429,""
2019-11-01,Buenos Aires,Residentes,182971,""
2019-11-01,Buenos Aires,No residentes,4175,""
2019-11-01,CABA,Residentes,208132,""
2019-11-01,CABA,No residentes,236638,""
2019-11-01,Córdoba,Residentes,207485,""
2019-11-01,Córdoba,No residentes,8410,""
2019-11-01,Cuyo,Residentes,145191,""
2019-11-01,Cuyo,No residentes,43708,""
2019-11-01,Litoral,Residentes,215898,""
2019-11-01,Litoral,No residentes,42832,""
2019-11-01,Norte,Residentes,174424,""
2019-11-01,Norte,No residentes,31611,""
2019-11-01,Patagonia,Residentes,238986,""
2019-11-01,Patagonia,No residentes,136152,""
2019-12-01,Buenos Aires,Residentes,201852,""
2019-12-01,Buenos Aires,No residentes,5167,""
2019-12-01,CABA,Residentes,182657,""
2019-12-01,CABA,No residentes,237450,""
2019-12-01,Córdoba,Residentes,196457,""
2019-12-01,Córdoba,No residentes,6119,""
2019-12-01,Cuyo,Residentes,114905,""
2019-12-01,Cuyo,No residentes,29379,""
2019-12-01,Litoral,Residentes,188912,""
2019-12-01,Litoral,No residentes,46146,""
2019-12-01,Norte,Residentes,124678,""
2019-12-01,Norte,No residentes,23355,""
2019-12-01,Patagonia,Residentes,233379,""
2019-12-01,Patagonia,No residentes,138070,""
2020-01-01,Buenos Aires,Residentes,375466,""
2020-01-01,Buenos Aires,No residentes,5043,""
2020-01-01,CABA,Residentes,146436,""
2020-01-01,CABA,No residentes,211932,""
2020-01-01,Córdoba,Residentes,310944,""
2020-01-01,Córdoba,No residentes,6675,""
2020-01-01,Cuyo,Residentes,151407,""
2020-01-01,Cuyo,No residentes,31211,""
2020-01-01,Litoral,Residentes,206392,""
2020-01-01,Litoral,No residentes,52023,""
2020-01-01,Norte,Residentes,178927,""
2020-01-01,Norte,No residentes,30157,""
2020-01-01,Patagonia,Residentes,349564,""
2020-01-01,Patagonia,No residentes,147405,""
2020-02-01,Buenos Aires,Residentes,322851,""
2020-02-01,Buenos Aires,No residentes,2409,""
2020-02-01,CABA,Residentes,150608,""
2020-02-01,CABA,No residentes,207001,""
2020-02-01,Córdoba,Residentes,282813,""
2020-02-01,Córdoba,No residentes,6562,""
2020-02-01,Cuyo,Residentes,142160,""
2020-02-01,Cuyo,No residentes,28249,""
2020-02-01,Litoral,Residentes,209226,""
2020-02-01,Litoral,No residentes,46652,""
2020-02-01,Norte,Residentes,183598,""
2020-02-01,Norte,No residentes,27430,""
2020-02-01,Patagonia,Residentes,291307,""
2020-02-01,Patagonia,No residentes,140131,""
2020-03-01,Buenos Aires,Residentes,93260,""
2020-03-01,Buenos Aires,No residentes,601,""
2020-03-01,CABA,Residentes,83807,""
2020-03-01,CABA,No residentes,122919,""
2020-03-01,Córdoba,Residentes,95430,""
2020-03-01,Córdoba,No residentes,2345,""
2020-03-01,Cuyo,Residentes,69300,""
2020-03-01,Cuyo,No residentes,13466,""
2020-03-01,Litoral,Residentes,97460,""
2020-03-01,Litoral,No residentes,16938,""
2020-03-01,Norte,Residentes,69070,""
2020-03-01,Norte,No residentes,10232,""
2020-03-01,Patagonia,Residentes,135918,""
2020-03-01,Patagonia,No residentes,48573,""
2020-04-01,Buenos Aires,Residentes,0,Emergencia sanitaria. La actividad de los establecimientos hoteleras estuvo limitada según la resolución n° 131/202 dispuesta por el Ministerio de Turismo y Deportes de la Nación.
2020-04-01,Buenos Aires,No residentes,0,Emergencia sanitaria. La actividad de los establecimientos hoteleras estuvo limitada según la resolución n° 131/202 dispuesta por el Ministerio de Turismo y Deportes de la Nación.
2020-04-01,CABA,Residentes,0,Emergencia sanitaria. La actividad de los establecimientos hoteleras estuvo limitada según la resolución n° 131/202 dispuesta por el Ministerio de Turismo y Deportes de la Nación.
2020-04-01,CABA,No residentes,0,Emergencia sanitaria. La actividad de los establecimientos hoteleras estuvo limitada según la resolución n° 131/202 dispuesta por el Ministerio de Turismo y Deportes de la Nación.
2020-04-01,Córdoba,Residentes,0,Emergencia sanitaria. La actividad de los establecimientos hoteleras estuvo limitada según la resolución n° 131/202 dispuesta por el Ministerio de Turismo y Deportes de la Nación.
2020-04-01,Córdoba,No residentes,0,Emergencia sanitaria. La actividad de los establecimientos hoteleras estuvo limitada según la resolución n° 131/202 dispuesta por el Ministerio de Turismo y Deportes de la Nación.
2020-04-01,Cuyo,Residentes,0,Emergencia sanitaria. La actividad de los establecimientos hoteleras estuvo limitada según la resolución n° 131/202 dispuesta por el Ministerio de Turismo y Deportes de la Nación.
2020-04-01,Cuyo,No residentes,0,Emergencia sanitaria. La actividad de los establecimientos hoteleras estuvo limitada según la resolución n° 131/202 dispuesta por el Ministerio de Turismo y Deportes de la Nación.
2020-04-01,Litoral,Residentes,0,Emergencia sanitaria. La actividad de los establecimientos hoteleras estuvo limitada según la resolución n° 131/202 dispuesta por el Ministerio de Turismo y Deportes de la Nación.
2020-04-01,Litoral,No residentes,0,Emergencia sanitaria. La actividad de los establecimientos hoteleras estuvo limitada según la resolución n° 131/202 dispuesta por el Ministerio de Turismo y Deportes de la Nación.
2020-04-01,Norte,Residentes,0,Emergencia sanitaria. La actividad de los establecimientos hoteleras estuvo limitada según la resolución n° 131/202 dispuesta por el Ministerio de Turismo y Deportes de la Nación.
2020-04-01,Norte,No residentes,0,Emergencia sanitaria. La actividad de los establecimientos hoteleras estuvo limitada según la resolución n° 131/202 dispuesta por el Ministerio de Turismo y Deportes de la Nación.
2020-04-01,Patagonia,Residentes,0,Emergencia sanitaria. La actividad de los establecimientos hoteleras estuvo limitada según la resolución n° 131/202 dispuesta por el Ministerio de Turismo y Deportes de la Nación.
2020-04-01,Patagonia,No residentes,0,Emergencia sanitaria. La actividad de los establecimientos hoteleras estuvo limitada según la resolución n° 131/202 dispuesta por el Ministerio de Turismo y Deportes de la Nación.
2020-05-01,Buenos Aires,Residentes,0,"Emergencia sanitaria. Hacia finales del mes de mayo 2020, la provincia de Jujuy habilitó el turismo interno pero debido a la insuficiencia de datos, los resultados no se publicaron y las estimaciones a nivel regional y nacional se presentaron en cero."
2020-05-01,Buenos Aires,No residentes,0,"Emergencia sanitaria. Hacia finales del mes de mayo 2020, la provincia de Jujuy habilitó el turismo interno pero debido a la insuficiencia de datos, los resultados no se publicaron y las estimaciones a nivel regional y nacional se presentaron en cero."
2020-08-01,Norte,Residentes,,Emergencia sanitaria. La información a nivel regional no se difundió debido a que no alcanza el estándar de calidad mínimo requerido para su publicación como consecuencia de las restricciones en la actividad hotelera.
2020-08-01,Norte,No residentes,,Emergencia sanitaria. La información a nivel regional no se difundió debido a que no alcanza el estándar de calidad mínimo requerido para su publicación como consecuencia de las restricciones en la actividad hotelera.
2020-08-01,Patagonia,Residentes,,Emergencia sanitaria. La información a nivel regional no se difundió debido a que no alcanza el estándar de calidad mínimo requerido para su publicación como consecuencia de las restricciones en la actividad hotelera.
2020-08-01,Patagonia,No residentes,,Emergencia sanitaria. La información a nivel regional no se difundió debido a que no alcanza el estándar de calidad mínimo requerido para su publicación como consecuencia de las restricciones en la actividad hotelera.
2020-09-01,Buenos Aires,Residentes,,Emergencia sanitaria. La información a nivel regional no se difundió debido a que no alcanza el estándar de calidad mínimo requerido para su publicación como consecuencia de las restricciones en la actividad hotelera.
2020-09-01,Buenos Aires,No residentes,,Emergencia sanitaria. La información a nivel regional no se difundió debido a que no alcanza el estándar de calidad mínimo requerido para su publicación como consecuencia de las restricciones en la actividad hotelera.
2020-09-01,CABA,Residentes,,Emergencia sanitaria. La información a nivel regional no se difundió debido a que no alcanza el estándar de calidad mínimo requerido para su publicación como consecuencia de las restricciones en la actividad hotelera.
2020-09-01,CABA,No residentes,,Emergencia sanitaria. La información a nivel regional no se difundió debido a que no alcanza el estándar de calidad mínimo requerido para su publicación como consecuencia de las restricciones en la actividad hotelera.
2020-09-01,Córdoba,Residentes,,Emergencia sanitaria. La información a nivel regional no se difundió debido a que no alcanza el estándar de calidad mínimo requerido para su publicación como consecuencia de las restricciones en la actividad hotelera.
2020-09-01,Córdoba,No residentes,,Emergencia sanitaria. La información a nivel regional no se difundió debido a que no alcanza el estándar de calidad mínimo requerido para su publicación como consecuencia de las restricciones en la actividad hotelera.
2020-09-01,Cuyo,Residentes,,Emergencia sanitaria. La información a nivel regional no se difundió debido a que no alcanza el estándar de calidad mínimo requerido para su publicación como consecuencia de las restricciones en la actividad hotelera.
2020-09-01,Cuyo,No residentes,,Emergencia sanitaria. La información a nivel regional no se difundió debido a que no alcanza el estándar de calidad mínimo requerido para su publicación como consecuencia de las restricciones en la actividad hotelera.
2020-09-01,Litoral,Residentes,,Emergencia sanitaria. La información a nivel regional no se difundió debido a que no alcanza el estándar de calidad mínimo requerido para su publicación como consecuencia de las restricciones en la actividad hotelera.
2020-09-01,Litoral,No residentes,,Emergencia sanitaria. La información a nivel regional no se difundió debido a que no alcanza el estándar de calidad mínimo requerido para su publicación como consecuencia de las restricciones en la actividad hotelera.
2020-09-01,Norte,Residentes,,Emergencia sanitaria. La información a nivel regional no se difundió debido a que no alcanza el estándar de calidad mínimo requerido para su publicación como consecuencia de las restricciones en la actividad hotelera.
2020-09-01,Norte,No residentes,,Emergencia sanitaria. La información a nivel regional no se difundió debido a que no alcanza el estándar de calidad mínimo requerido para su publicación como consecuencia de las restricciones en la actividad hotelera.
2020-09-01,Patagonia,Residentes,,Emergencia sanitaria. La información a nivel regional no se difundió debido a que no alcanza el estándar de calidad mínimo requerido para su publicación como consecuencia de las restricciones en la actividad hotelera.
2020-09-01,Patagonia,No residentes,,Emergencia sanitaria. La información a nivel regional no se difundió debido a que no alcanza el estándar de calidad mínimo requerido para su publicación como consecuencia de las restricciones en la actividad hotelera.
2020-10-01,Buenos Aires,Residentes,,Emergencia sanitaria. La información a nivel regional no se difundió debido a que no alcanza el estándar de calidad mínimo requerido para su publicación como consecuencia de las restricciones en la actividad hotelera.
2020-10-01,Buenos Aires,No residentes,,Emergencia sanitaria. La información a nivel regional no se difundió debido a que no alcanza el estándar de calidad mínimo requerido para su publicación como consecuencia de las restricciones en la actividad hotelera.
2020-10-01,CABA,Residentes,,Emergencia sanitaria. La información a nivel regional no se difundió debido a que no alcanza el estándar de calidad mínimo requerido para su publicación como consecuencia de las restricciones en la actividad hotelera.
2020-10-01,CABA,No residentes,,Emergencia sanitaria. La información a nivel regional no se difundió debido a que no alcanza el estándar de calidad mínimo requerido para su publicación como consecuencia de las restricciones en la actividad hotelera.
2020-10-01,Córdoba,Residentes,,Emergencia sanitaria. La información a nivel regional no se difundió debido a que no alcanza el estándar de calidad mínimo requerido para su publicación como consecuencia de las restricciones en la actividad hotelera.
2020-10-01,Córdoba,No residentes,,Emergencia sanitaria. La información a nivel regional no se difundió debido a que no alcanza el estándar de calidad mínimo requerido para su publicación como consecuencia de las restricciones en la actividad hotelera.
2020-10-01,Cuyo,Residentes,,Emergencia sanitaria. La información a nivel regional no se difundió debido a que no alcanza el estándar de calidad mínimo requerido para su publicación como consecuencia de las restricciones en la actividad hotelera.
2020-10-01,Cuyo,No residentes,,Emergencia sanitaria. La información a nivel regional no se difundió debido a que no alcanza el estándar de calidad mínimo requerido para su publicación como consecuencia de las restricciones en la actividad hotelera.
2020-10-01,Litoral,Residentes,,Emergencia sanitaria. La información a nivel regional no se difundió debido a que no alcanza el estándar de calidad mínimo requerido para su publicación como consecuencia de las restricciones en la actividad hotelera.
2020-10-01,Litoral,No residentes,,Emergencia sanitaria. La información a nivel regional no se difundió debido a que no alcanza el estándar de calidad mínimo requerido para su publicación como consecuencia de las restricciones en la actividad hotelera.
2020-10-01,Norte,Residentes,,Emergencia sanitaria. La información a nivel regional no se difundió debido a que no alcanza el estándar de calidad mínimo requerido para su publicación como consecuencia de las restricciones en la actividad hotelera.
2020-10-01,Norte,No residentes,,Emergencia sanitaria. La información a nivel regional no se difundió debido a que no alcanza el estándar de calidad mínimo requerido para su publicación como consecuencia de las restricciones en la actividad hotelera.
2021-01-01,Buenos Aires,Residentes,169606,""
2021-01-01,Buenos Aires,No residentes,250,""
2021-03-01,Cuyo,No residentes,222,""
2021-03-01,Litoral,Residentes,99777,""
2021-03-01,Litoral,No residentes,1407,""
2021-03-01,Norte,Residentes,99082,""
2021-03-01,Norte,No residentes,571,""
2021-03-01,Patagonia,Residentes,183465,""
2021-03-01,Patagonia,No residentes,725,""
2021-04-01,Buenos Aires,Residentes,60181,""
2021-04-01,Buenos Aires,No residentes,141,""
2021-04-01,CABA,Residentes,46107,""
2021-04-01,CABA,No residentes,4476,""
2021-04-01,Córdoba,Residentes,110809,""
2021-04-01,Córdoba,No residentes,213,""
2021-04-01,Cuyo,Residentes,62386,""
2021-04-01,Cuyo,No residentes,195,""
2021-04-01,Litoral,Residentes,74886,""
2021-04-01,Litoral,No residentes,699,""
2021-04-01,Norte,Residentes,88682,""
2021-04-01,Norte,No residentes,329,""
2021-04-01,Patagonia,Residentes,127266,""
2021-04-01,Patagonia,No residentes,382,""
2021-05-01,Buenos Aires,Residentes,20752,""
2021-05-01,Buenos Aires,No residentes,186,""
2021-05-01,CABA,Residentes,32508,""
2021-05-01,CABA,No residentes,4409,""
2021-05-01,Córdoba,Residentes,50706,""
2021-05-01,Córdoba,No residentes,266,""
2021-05-01,Cuyo,Residentes,33056,""
2021-05-01,Cuyo,No residentes,,Dato que no corresponde presentar debido a la naturaleza de las cosas
2021-05-01,Litoral,Residentes,47824,""
2021-05-01,Litoral,No residentes,343,""
2021-05-01,Norte,Residentes,62573,""
2021-05-01,Norte,No residentes,226,""
2021-05-01,Patagonia,Residentes,57675,""
2021-05-01,Patagonia,No residentes,237,""
2021-06-01,Buenos Aires,Residentes,24822,""
2021-06-01,Buenos Aires,No residentes,107,""
2021-06-01,CABA,Residentes,43793,""
2021-06-01,CABA,No residentes,4256,""
2021-06-01,Córdoba,Residentes,19858,""
2021-06-01,Córdoba,No residentes,,Dato que no corresponde presentar debido a la naturaleza de las cosas
2021-06-01,Cuyo,Residentes,34834,""
2021-06-01,Cuyo,No residentes,136,""
2021-06-01,Litoral,Residentes,43882,""
2021-06-01,Litoral,No residentes,428,""
2021-06-01,Norte,Residentes,59466,""
2021-06-01,Norte,No residentes,279,""
2021-06-01,Patagonia,Residentes,54582,""
2021-06-01,Patagonia,No residentes,144,""
2021-07-01,Buenos Aires,Residentes,85261,""
2021-07-01,Buenos Aires,No residentes,259,""
2021-07-01,CABA,Residentes,75883,""
2021-07-01,CABA,No residentes,3549,""
2021-07-01,Córdoba,Residentes,142003,""
2021-07-01,Córdoba,No residentes,130,""
2021-07-01,Cuyo,Residentes,105593,""
2021-07-01,Cuyo,No residentes,,Dato que no corresponde presentar debido a la naturaleza de las cosas
2021-07-01,Litoral,Residentes,124580,""
2021-07-01,Litoral,No residentes,334,""
2021-07-01,Norte,Residentes,168488,""
2021-07-01,Norte,No residentes,294,""
2021-07-01,Patagonia,Residentes,201198,""
2021-07-01,Patagonia,No residentes,369,""
2021-08-01,Buenos Aires,Residentes,92971,""
2021-08-01,Buenos Aires,No residentes,251,""
2021-08-01,CABA,Residentes,77992,""
2021-08-01,CABA,No residentes,3034,""
2021-08-01,Córdoba,Residentes,136819,""
2021-08-01,Córdoba,No residentes,,Dato que no corresponde presentar debido a la naturaleza de las cosas
2021-08-01,Cuyo,Residentes,92238,""
2021-08-01,Cuyo,No residentes,248,""
2021-08-01,Litoral,Residentes,125020,""
2021-08-01,Litoral,No residentes,499,""
2021-08-01,Norte,Residentes,170627,""
2021-08-01,Norte,No residentes,288,""
2021-08-01,Patagonia,Residentes,244941,""
2021-08-01,Patagonia,No residentes,344,""
2021-09-01,Buenos Aires,Residentes,86172,""
2021-09-01,Buenos Aires,No residentes,,Dato que no corresponde presentar debido a la naturaleza de las cosas
2021-09-01,CABA,Residentes,88790,""
2021-09-01,CABA,No residentes,3702,""
2021-09-01,Córdoba,Residentes,132488,""
2021-09-01,Córdoba,No residentes,123,""
2021-09-01,Cuyo,Residentes,110685,""
2021-09-01,Cuyo,No residentes,206,""
2021-09-01,Litoral,Residentes,144949,""
2021-09-01,Litoral,No residentes,547,""
2021-09-01,Norte,Residentes,185884,""
2021-09-01,Norte,No residentes,331,""
2021-09-01,Patagonia,Residentes,253945,""
2021-09-01,Patagonia,No residentes,389,""
2021-10-01,Buenos Aires,Residentes,124488,""
2021-10-01,Buenos Aires,No residentes,476,""
2021-10-01,CABA,Residentes,131662,""
2021-10-01,CABA,No residentes,13791,""
2021-10-01,Córdoba,Residentes,171358,""
2021-10-01,Córdoba,No residentes,527,""
2021-10-01,Cuyo,Residentes,138199,""
2021-10-01,Cuyo,No residentes,1033,""
2021-10-01,Litoral,Residentes,178061,""
2021-10-01,Litoral,No residentes,1599,""
2021-10-01,Norte,Residentes,200691,""
2021-10-01,Norte,No residentes,1667,""
2021-10-01,Patagonia,Residentes,224187,""
2021-10-01,Patagonia,No residentes,2052,""
2022-09-01,CABA,Residentes,215581,""
2022-09-01,CABA,No residentes,156987,""
2022-09-01,Córdoba,Residentes,150115,""
2022-09-01,Córdoba,No residentes,6100,""
2022-09-01,Cuyo,Residentes,138365,""
2022-09-01,Cuyo,No residentes,15949,""
2022-09-01,Litoral,Residentes,206872,""
2022-09-01,Litoral,No residentes,21483,""
2022-09-01,Norte,Residentes,202667,""
2022-09-01,Norte,No residentes,11365,""
2022-09-01,Patagonia,Residentes,286339,""
2022-09-01,Patagonia,No residentes,42727,""
2022-10-01,Buenos Aires,Residentes,198848,""
2022-10-01,Buenos Aires,No residentes,2979,""
2022-10-01,CABA,Residentes,236918,""
2022-10-01,CABA,No residentes,163309,""
2022-10-01,Córdoba,Residentes,178330,""
2022-10-01,Córdoba,No residentes,6608,""
2022-10-01,Cuyo,Residentes,150868,""
2022-10-01,Cuyo,No residentes,22873,""
2022-10-01,Litoral,Residentes,213761,""
2022-10-01,Litoral,No residentes,25354,""
2022-10-01,Norte,Residentes,204203,""
2022-10-01,Norte,No residentes,16271,""
2022-10-01,Patagonia,Residentes,281460,""
2022-10-01,Patagonia,No residentes,53662,""
2022-11-01,Buenos Aires,Residentes,198206,""
2022-11-01,Buenos Aires,No residentes,2685,""
2022-11-01,CABA,Residentes,224992,""
2022-11-01,CABA,No residentes,185468,""
2022-11-01,Córdoba,Residentes,166272,""
2022-11-01,Córdoba,No residentes,5808,""
2022-11-01,Cuyo,Residentes,142187,""
2022-11-01,Cuyo,No residentes,20014,""
2022-11-01,Litoral,Residentes,195982,""
2022-11-01,Litoral,No residentes,25311,""
2022-11-01,Norte,Residentes,158692,""
2022-11-01,Norte,No residentes,15967,""
2022-11-01,Patagonia,Residentes,264229,""
2022-11-01,Patagonia,No residentes,80717,""
2022-12-01,Buenos Aires,Residentes,217171,""
2022-12-01,Buenos Aires,No residentes,2409,""
2022-12-01,CABA,Residentes,186659,""
2022-12-01,CABA,No residentes,183490,""
2022-12-01,Córdoba,Residentes,149204,""
2022-12-01,Córdoba,No residentes,4300,""
2022-12-01,Cuyo,Residentes,97045,""
2022-12-01,Cuyo,No residentes,16351,""
2022-12-01,Litoral,Residentes,161626,""
2022-12-01,Litoral,No residentes,24093,""
2022-12-01,Norte,Residentes,108034,""
2022-12-01,Norte,No residentes,12924,""
2022-12-01,Patagonia,Residentes,248764,""
2022-12-01,Patagonia,No residentes,91333,""
2023-01-01,Buenos Aires,Residentes,369224,Dato provisorio
2023-01-01,Buenos Aires,No residentes,3454,Dato provisorio
2023-01-01,CABA,Residentes,166031,Dato provisorio
2023-01-01,CABA,No residentes,190466,Dato provisorio
2023-01-01,Córdoba,Residentes,291862,Dato provisorio
2023-01-01,Córdoba,No residentes,7248,Dato provisorio
2023-01-01,Cuyo,Residentes,142332,Dato provisorio
2023-01-01,Cuyo,No residentes,24666,Dato provisorio
2023-01-01,Litoral,Residentes,211960,Dato provisorio
2023-01-01,Litoral,No residentes,44313,Dato provisorio
2023-01-01,Norte,Residentes,165691,Dato provisorio
2023-01-01,Norte,No residentes,22927,Dato provisorio
2023-01-01,Patagonia,Residentes,357348,Dato provisorio
2023-01-01,Patagonia,No residentes,128553,Dato provisorio
2023-02-01,Buenos Aires,Residentes,315983,Dato provisorio
2023-02-01,Buenos Aires,No residentes,2901,Dato provisorio
2023-02-01,CABA,Residentes,163991,Dato provisorio
2023-02-01,CABA,No residentes,172310,Dato provisorio
2023-02-01,Córdoba,Residentes,270893,Dato provisorio
2023-02-01,Córdoba,No residentes,7882,Dato provisorio
2023-02-01,Cuyo,Residentes,131161,Dato provisorio
2023-02-01,Cuyo,No residentes,22937,Dato provisorio
2023-02-01,Litoral,Residentes,207356,Dato provisorio
2023-02-01,Litoral,No residentes,31054,Dato provisorio
2023-02-01,Norte,Residentes,158723,Dato provisorio
2023-02-01,Norte,No residentes,21032,Dato provisorio
2023-02-01,Patagonia,Residentes,296630,Dato provisorio
2023-02-01,Patagonia,No residentes,125574,Dato provisorio
